{"notes":[{"typeOfSection":0,"sectionNotes":[[100,5,0],[900,5,0]],"lengthInSteps":16,"bpm":95,"changeBPM":false,"mustHitSection":true},{"typeOfSection":0,"sectionNotes":[[2300,5,0],[3100,5,0]],"lengthInSteps":16,"bpm":95,"changeBPM":false,"mustHitSection":true},{"typeOfSection":0,"sectionNotes":[[4600,5,0]],"lengthInSteps":16,"bpm":150,"changeBPM":false,"mustHitSection":false},{"typeOfSection":0,"sectionNotes":[[5300,5,0]],"lengthInSteps":16,"bpm":150,"changeBPM":false,"mustHitSection":false},{"typeOfSection":0,"sectionNotes":[[6800,5,0],[7600,5,0]],"lengthInSteps":16,"bpm":150,"changeBPM":false,"mustHitSection":false},{"typeOfSection":0,"sectionNotes":[],"lengthInSteps":16,"bpm":150,"changeBPM":false,"mustHitSection":false},{"typeOfSection":0,"sectionNotes":[],"lengthInSteps":16,"bpm":150,"changeBPM":false,"mustHitSection":true},{"typeOfSection":0,"sectionNotes":[],"lengthInSteps":16,"bpm":150,"changeBPM":false,"mustHitSection":true},{"typeOfSection":0,"sectionNotes":[],"lengthInSteps":16,"bpm":150,"changeBPM":false,"mustHitSection":true},{"typeOfSection":0,"sectionNotes":[],"lengthInSteps":16,"bpm":150,"changeBPM":false,"mustHitSection":true},{"typeOfSection":0,"sectionNotes":[],"lengthInSteps":16,"bpm":150,"changeBPM":false,"mustHitSection":false},{"typeOfSection":0,"sectionNotes":[[18000,2,0],[18200,0,0],[18800,0,0],[19100,1,0]],"lengthInSteps":16,"bpm":150,"changeBPM":false,"mustHitSection":false},{"typeOfSection":0,"sectionNotes":[[19700,2,0],[20300,2,0],[20500,0,0]],"lengthInSteps":16,"bpm":150,"changeBPM":false,"mustHitSection":false},{"typeOfSection":0,"sectionNotes":[[21000,0,0],[21400,1,0],[21900,2,0]],"lengthInSteps":16,"bpm":150,"changeBPM":false,"mustHitSection":false},{"typeOfSection":0,"sectionNotes":[[22600,2,0],[22800,0,0],[23300,0,0],[23600,1,0]],"lengthInSteps":16,"bpm":150,"changeBPM":false,"mustHitSection":true},{"typeOfSection":0,"sectionNotes":[[24200,2,0],[24700,2,0],[24900,0,0],[25400,0,0]],"lengthInSteps":16,"bpm":150,"changeBPM":false,"mustHitSection":true},{"typeOfSection":0,"sectionNotes":[[25800,1,0],[26400,2,0],[26900,6,0],[27100,4,0]],"lengthInSteps":16,"bpm":150,"changeBPM":false,"mustHitSection":true},{"typeOfSection":0,"sectionNotes":[[28100,5,0],[28600,6,0],[27300,4,0],[27600,4,0]],"lengthInSteps":16,"bpm":150,"changeBPM":false,"mustHitSection":true},{"typeOfSection":0,"sectionNotes":[[29300,2,0],[29500,0,0],[29700,0,0],[30000,0,0]],"lengthInSteps":16,"bpm":150,"changeBPM":false,"mustHitSection":false},{"typeOfSection":0,"sectionNotes":[[30500,1,0],[30900,2,0],[31500,6,0],[31700,4,0],[31900,4,0]],"lengthInSteps":16,"bpm":150,"changeBPM":false,"mustHitSection":false},{"typeOfSection":0,"sectionNotes":[[32200,4,0],[32600,5,0],[33100,6,0]],"lengthInSteps":16,"bpm":150,"changeBPM":false,"mustHitSection":false},{"typeOfSection":0,"sectionNotes":[[34500,4,0],[34200,4,0],[34000,4,0],[33800,6,0],[34900,5,0]],"lengthInSteps":16,"bpm":150,"changeBPM":false,"mustHitSection":false},{"typeOfSection":0,"sectionNotes":[[36500,6,400]],"lengthInSteps":16,"bpm":150,"changeBPM":false,"mustHitSection":true},{"typeOfSection":0,"sectionNotes":[[37000,5,0],[37700,6,0],[37900,4,0],[38100,6,600]],"lengthInSteps":16,"bpm":150,"changeBPM":false,"mustHitSection":true},{"typeOfSection":0,"sectionNotes":[[38800,7,0],[39300,5,0]],"lengthInSteps":16,"bpm":150,"changeBPM":false,"mustHitSection":true},{"typeOfSection":0,"sectionNotes":[[40200,4,0],[40400,6,1000],[41500,6,800]],"lengthInSteps":16,"bpm":150,"changeBPM":false,"mustHitSection":true},{"typeOfSection":0,"sectionNotes":[[42400,1,0]],"lengthInSteps":16,"bpm":150,"changeBPM":false,"mustHitSection":false},{"typeOfSection":0,"sectionNotes":[[43900,2,300],[44300,1,300]],"lengthInSteps":16,"bpm":150,"changeBPM":false,"mustHitSection":false},{"typeOfSection":0,"sectionNotes":[],"lengthInSteps":16,"bpm":150,"changeBPM":false,"mustHitSection":false},{"typeOfSection":0,"sectionNotes":[[46600,2,0],[47200,3,0],[47600,1,0]],"lengthInSteps":16,"bpm":150,"changeBPM":false,"mustHitSection":false},{"typeOfSection":0,"sectionNotes":[[48200,2,0],[48800,3,0],[49200,1,0]],"lengthInSteps":16,"bpm":150,"changeBPM":false,"mustHitSection":true},{"typeOfSection":0,"sectionNotes":[[50400,3,0],[50800,1,0],[49800,2,0]],"lengthInSteps":16,"bpm":150,"changeBPM":false,"mustHitSection":true},{"typeOfSection":0,"sectionNotes":[[51400,3,0],[52000,2,0],[52400,1,0]],"lengthInSteps":16,"bpm":150,"changeBPM":false,"mustHitSection":true},{"typeOfSection":0,"sectionNotes":[[53000,2,0],[53600,3,0],[54000,1,0]],"lengthInSteps":16,"bpm":150,"changeBPM":false,"mustHitSection":true},{"typeOfSection":0,"sectionNotes":[[54400,6,200],[54600,2,0],[54900,0,0],[55100,3,0],[55200,5,0],[55300,0,0],[55400,3,0],[55500,1,0],[55600,7,0],[55000,7,0]],"lengthInSteps":16,"bpm":150,"changeBPM":false,"mustHitSection":false},{"typeOfSection":0,"sectionNotes":[[56500,0,0],[56800,1,200],[56200,6,0],[56800,7,0],[57000,4,0],[57100,7,0],[57200,5,0],[56000,0,0],[56600,7,0]],"lengthInSteps":16,"bpm":150,"changeBPM":false,"mustHitSection":true},{"typeOfSection":0,"sectionNotes":[[57600,6,200],[57800,2,0],[58100,0,0],[58300,3,0],[58400,5,0],[58500,0,0],[58600,3,0],[58700,1,0],[58800,7,0]],"lengthInSteps":16,"bpm":150,"changeBPM":false,"mustHitSection":false},{"typeOfSection":0,"sectionNotes":[[60500,4,0],[60100,6,0],[59700,4,0],[59200,4,0],[59600,3,0],[59800,0,0],[60000,3,0],[60200,0,0],[60400,1,0],[60300,3,0],[59400,1,0]],"lengthInSteps":16,"bpm":150,"changeBPM":false,"mustHitSection":false},{"typeOfSection":0,"sectionNotes":[[61000,2,0],[61600,3,0],[62000,1,0]],"lengthInSteps":16,"bpm":150,"changeBPM":false,"mustHitSection":true},{"typeOfSection":0,"sectionNotes":[[63200,3,0],[63600,1,0],[62600,2,0],[63000,3,0]],"lengthInSteps":16,"bpm":150,"changeBPM":false,"mustHitSection":true},{"typeOfSection":0,"sectionNotes":[[64200,3,0],[64800,2,0],[65200,1,0]],"lengthInSteps":16,"bpm":150,"changeBPM":false,"mustHitSection":true},{"typeOfSection":0,"sectionNotes":[[65800,2,0],[66400,3,0],[66800,1,0]],"lengthInSteps":16,"bpm":150,"changeBPM":false,"mustHitSection":true},{"typeOfSection":0,"sectionNotes":[[67400,3,0],[68000,2,0],[68200,3,0],[68400,3,0],[68600,1,0]],"lengthInSteps":16,"bpm":150,"changeBPM":false,"mustHitSection":false},{"typeOfSection":0,"sectionNotes":[[68800,1,0],[69600,1,300],[70000,3,300],[69300,0,0]],"lengthInSteps":16,"bpm":150,"changeBPM":false,"mustHitSection":false},{"typeOfSection":0,"sectionNotes":[[70800,1,0],[71000,2,0],[71500,2,0],[71700,3,0],[70800,1,0],[71000,2,0],[71500,2,0],[71700,3,0]],"lengthInSteps":16,"bpm":150,"changeBPM":false,"mustHitSection":false},{"typeOfSection":0,"sectionNotes":[[72000,0,0],[72400,3,0],[72800,2,300],[73200,1,300]],"lengthInSteps":16,"bpm":150,"changeBPM":false,"mustHitSection":false},{"typeOfSection":0,"sectionNotes":[[73800,3,0],[74400,2,0],[74600,3,0],[74800,3,0],[75000,1,0]],"lengthInSteps":16,"bpm":150,"changeBPM":false,"mustHitSection":true},{"typeOfSection":0,"sectionNotes":[[76000,1,300],[76400,3,300],[75200,1,0],[75700,0,0]],"lengthInSteps":16,"bpm":150,"changeBPM":false,"mustHitSection":true},{"typeOfSection":0,"sectionNotes":[[76800,2,0],[77400,2,0],[77900,2,0],[78100,3,0],[77200,1,0]],"lengthInSteps":16,"bpm":150,"changeBPM":false,"mustHitSection":true},{"typeOfSection":0,"sectionNotes":[[78400,0,0],[78800,3,0],[79200,2,300],[79600,1,300]],"lengthInSteps":16,"bpm":150,"changeBPM":false,"mustHitSection":true},{"typeOfSection":0,"sectionNotes":[],"lengthInSteps":16,"bpm":150,"changeBPM":false,"mustHitSection":true},{"typeOfSection":0,"sectionNotes":[],"lengthInSteps":16,"bpm":150,"changeBPM":false,"mustHitSection":true},{"typeOfSection":0,"sectionNotes":[],"lengthInSteps":16,"bpm":150,"changeBPM":false,"mustHitSection":true},{"typeOfSection":0,"sectionNotes":[],"lengthInSteps":16,"bpm":150,"changeBPM":false,"mustHitSection":true},{"typeOfSection":0,"sectionNotes":[],"lengthInSteps":16,"bpm":150,"changeBPM":false,"mustHitSection":true},{"typeOfSection":0,"sectionNotes":[],"lengthInSteps":16,"bpm":150,"changeBPM":false,"mustHitSection":true},{"lengthInSteps":16,"typeOfSection":0,"sectionNotes":[],"altAnim":false,"bpm":150,"changeBPM":false,"mustHitSection":true},{"sectionNotes":[],"typeOfSection":0,"lengthInSteps":16,"altAnim":false,"mustHitSection":true,"changeBPM":false,"bpm":150},{"lengthInSteps":16,"altAnim":false,"typeOfSection":0,"sectionNotes":[],"bpm":150,"changeBPM":false,"mustHitSection":true},{"lengthInSteps":16,"altAnim":false,"typeOfSection":0,"sectionNotes":[],"bpm":150,"changeBPM":false,"mustHitSection":true}],"sections":60,"bpm":150,"song":{"sectionLengths":[],"player1":"bf","player2":"pico","notes":[{"typeOfSection":0,"sectionNotes":[[100,5,0],[900,5,0]],"lengthInSteps":16,"bpm":95,"changeBPM":false,"mustHitSection":true},{"typeOfSection":0,"sectionNotes":[[2300,5,0],[3100,5,0]],"lengthInSteps":16,"bpm":95,"changeBPM":false,"mustHitSection":true},{"typeOfSection":0,"sectionNotes":[[4600,5,0]],"lengthInSteps":16,"bpm":150,"changeBPM":false,"mustHitSection":false},{"typeOfSection":0,"sectionNotes":[[5300,5,0]],"lengthInSteps":16,"bpm":150,"changeBPM":false,"mustHitSection":false},{"typeOfSection":0,"sectionNotes":[[6800,5,0],[7600,5,0]],"lengthInSteps":16,"bpm":150,"changeBPM":false,"mustHitSection":false},{"typeOfSection":0,"sectionNotes":[],"lengthInSteps":16,"bpm":150,"changeBPM":false,"mustHitSection":false},{"typeOfSection":0,"sectionNotes":[],"lengthInSteps":16,"bpm":150,"changeBPM":false,"mustHitSection":true},{"typeOfSection":0,"sectionNotes":[],"lengthInSteps":16,"bpm":150,"changeBPM":false,"mustHitSection":true},{"typeOfSection":0,"sectionNotes":[],"lengthInSteps":16,"bpm":150,"changeBPM":false,"mustHitSection":true},{"typeOfSection":0,"sectionNotes":[],"lengthInSteps":16,"bpm":150,"changeBPM":false,"mustHitSection":true},{"typeOfSection":0,"sectionNotes":[],"lengthInSteps":16,"bpm":150,"changeBPM":false,"mustHitSection":false},{"typeOfSection":0,"sectionNotes":[[18000,2,0],[18200,0,0],[18800,0,0],[19100,1,0]],"lengthInSteps":16,"bpm":150,"changeBPM":false,"mustHitSection":false},{"typeOfSection":0,"sectionNotes":[[19700,2,0],[20300,2,0],[20500,0,0]],"lengthInSteps":16,"bpm":150,"changeBPM":false,"mustHitSection":false},{"typeOfSection":0,"sectionNotes":[[21000,0,0],[21400,1,0],[21900,2,0]],"lengthInSteps":16,"bpm":150,"changeBPM":false,"mustHitSection":false},{"typeOfSection":0,"sectionNotes":[[22600,2,0],[22800,0,0],[23300,0,0],[23600,1,0]],"lengthInSteps":16,"bpm":150,"changeBPM":false,"mustHitSection":true},{"typeOfSection":0,"sectionNotes":[[24200,2,0],[24700,2,0],[24900,0,0],[25400,0,0]],"lengthInSteps":16,"bpm":150,"changeBPM":false,"mustHitSection":true},{"typeOfSection":0,"sectionNotes":[[25800,1,0],[26400,2,0],[26900,6,0],[27100,4,0]],"lengthInSteps":16,"bpm":150,"changeBPM":false,"mustHitSection":true},{"typeOfSection":0,"sectionNotes":[[28100,5,0],[28600,6,0],[27300,4,0],[27600,4,0]],"lengthInSteps":16,"bpm":150,"changeBPM":false,"mustHitSection":true},{"typeOfSection":0,"sectionNotes":[[29300,2,0],[29500,0,0],[29700,0,0],[30000,0,0]],"lengthInSteps":16,"bpm":150,"changeBPM":false,"mustHitSection":false},{"typeOfSection":0,"sectionNotes":[[30500,1,0],[30900,2,0],[31500,6,0],[31700,4,0],[31900,4,0]],"lengthInSteps":16,"bpm":150,"changeBPM":false,"mustHitSection":false},{"typeOfSection":0,"sectionNotes":[[32200,4,0],[32600,5,0],[33100,6,0]],"lengthInSteps":16,"bpm":150,"changeBPM":false,"mustHitSection":false},{"typeOfSection":0,"sectionNotes":[[34500,4,0],[34200,4,0],[34000,4,0],[33800,6,0],[34900,5,0]],"lengthInSteps":16,"bpm":150,"changeBPM":false,"mustHitSection":false},{"typeOfSection":0,"sectionNotes":[[36500,6,400]],"lengthInSteps":16,"bpm":150,"changeBPM":false,"mustHitSection":true},{"typeOfSection":0,"sectionNotes":[[37000,5,0],[37700,6,0],[37900,4,0],[38100,6,600]],"lengthInSteps":16,"bpm":150,"changeBPM":false,"mustHitSection":true},{"typeOfSection":0,"sectionNotes":[[38800,7,0],[39300,5,0]],"lengthInSteps":16,"bpm":150,"changeBPM":false,"mustHitSection":true},{"typeOfSection":0,"sectionNotes":[[40200,4,0],[40400,6,1000],[41500,6,800]],"lengthInSteps":16,"bpm":150,"changeBPM":false,"mustHitSection":true},{"typeOfSection":0,"sectionNotes":[[42400,1,0]],"lengthInSteps":16,"bpm":150,"changeBPM":false,"mustHitSection":false},{"typeOfSection":0,"sectionNotes":[[43900,2,300],[44300,1,300]],"lengthInSteps":16,"bpm":150,"changeBPM":false,"mustHitSection":false},{"typeOfSection":0,"sectionNotes":[],"lengthInSteps":16,"bpm":150,"changeBPM":false,"mustHitSection":false},{"typeOfSection":0,"sectionNotes":[[46600,2,0],[47200,3,0],[47600,1,0]],"lengthInSteps":16,"bpm":150,"changeBPM":false,"mustHitSection":false},{"typeOfSection":0,"sectionNotes":[[48200,2,0],[48800,3,0],[49200,1,0]],"lengthInSteps":16,"bpm":150,"changeBPM":false,"mustHitSection":true},{"typeOfSection":0,"sectionNotes":[[50400,3,0],[50800,1,0],[49800,2,0]],"lengthInSteps":16,"bpm":150,"changeBPM":false,"mustHitSection":true},{"typeOfSection":0,"sectionNotes":[[51400,3,0],[52000,2,0],[52400,1,0]],"lengthInSteps":16,"bpm":150,"changeBPM":false,"mustHitSection":true},{"typeOfSection":0,"sectionNotes":[[53000,2,0],[53600,3,0],[54000,1,0]],"lengthInSteps":16,"bpm":150,"changeBPM":false,"mustHitSection":true},{"typeOfSection":0,"sectionNotes":[[54400,6,200],[54600,2,0],[54900,0,0],[55100,3,0],[55200,5,0],[55300,0,0],[55400,3,0],[55500,1,0],[55600,7,0],[55000,7,0]],"lengthInSteps":16,"bpm":150,"changeBPM":false,"mustHitSection":false},{"typeOfSection":0,"sectionNotes":[[56500,0,0],[56800,1,200],[56200,6,0],[56800,7,0],[57000,4,0],[57100,7,0],[57200,5,0],[56000,0,0],[56600,7,0]],"lengthInSteps":16,"bpm":150,"changeBPM":false,"mustHitSection":true},{"typeOfSection":0,"sectionNotes":[[57600,6,200],[57800,2,0],[58100,0,0],[58300,3,0],[58400,5,0],[58500,0,0],[58600,3,0],[58700,1,0],[58800,7,0]],"lengthInSteps":16,"bpm":150,"changeBPM":false,"mustHitSection":false},{"typeOfSection":0,"sectionNotes":[[60500,4,0],[60100,6,0],[59700,4,0],[59200,4,0],[59600,3,0],[59800,0,0],[60000,3,0],[60200,0,0],[60400,1,0],[60300,3,0],[59400,1,0]],"lengthInSteps":16,"bpm":150,"changeBPM":false,"mustHitSection":false},{"typeOfSection":0,"sectionNotes":[[61000,2,0],[61600,3,0],[62000,1,0]],"lengthInSteps":16,"bpm":150,"changeBPM":false,"mustHitSection":true},{"typeOfSection":0,"sectionNotes":[[63200,3,0],[63600,1,0],[62600,2,0],[63000,3,0]],"lengthInSteps":16,"bpm":150,"changeBPM":false,"mustHitSection":true},{"typeOfSection":0,"sectionNotes":[[64200,3,0],[64800,2,0],[65200,1,0]],"lengthInSteps":16,"bpm":150,"changeBPM":false,"mustHitSection":true},{"typeOfSection":0,"sectionNotes":[[65800,2,0],[66400,3,0],[66800,1,0]],"lengthInSteps":16,"bpm":150,"changeBPM":false,"mustHitSection":true},{"typeOfSection":0,"sectionNotes":[[67400,3,0],[68000,2,0],[68200,3,0],[68400,3,0],[68600,1,0]],"lengthInSteps":16,"bpm":150,"changeBPM":false,"mustHitSection":false},{"typeOfSection":0,"sectionNotes":[[68800,1,0],[69600,1,300],[70000,3,300],[69300,0,0]],"lengthInSteps":16,"bpm":150,"changeBPM":false,"mustHitSection":false},{"typeOfSection":0,"sectionNotes":[[70800,1,0],[71000,2,0],[71500,2,0],[71700,3,0],[70800,1,0],[71000,2,0],[71500,2,0],[71700,3,0]],"lengthInSteps":16,"bpm":150,"changeBPM":false,"mustHitSection":false},{"typeOfSection":0,"sectionNotes":[[72000,0,0],[72400,3,0],[72800,2,300],[73200,1,300]],"lengthInSteps":16,"bpm":150,"changeBPM":false,"mustHitSection":false},{"typeOfSection":0,"sectionNotes":[[73800,3,0],[74400,2,0],[74600,3,0],[74800,3,0],[75000,1,0]],"lengthInSteps":16,"bpm":150,"changeBPM":false,"mustHitSection":true},{"typeOfSection":0,"sectionNotes":[[76000,1,300],[76400,3,300],[75200,1,0],[75700,0,0]],"lengthInSteps":16,"bpm":150,"changeBPM":false,"mustHitSection":true},{"typeOfSection":0,"sectionNotes":[[76800,2,0],[77400,2,0],[77900,2,0],[78100,3,0],[77200,1,0]],"lengthInSteps":16,"bpm":150,"changeBPM":false,"mustHitSection":true},{"typeOfSection":0,"sectionNotes":[[78400,0,0],[78800,3,0],[79200,2,300],[79600,1,300]],"lengthInSteps":16,"bpm":150,"changeBPM":false,"mustHitSection":true},{"typeOfSection":0,"sectionNotes":[],"lengthInSteps":16,"bpm":150,"changeBPM":false,"mustHitSection":true},{"typeOfSection":0,"sectionNotes":[],"lengthInSteps":16,"bpm":150,"changeBPM":false,"mustHitSection":true},{"typeOfSection":0,"sectionNotes":[],"lengthInSteps":16,"bpm":150,"changeBPM":false,"mustHitSection":true},{"typeOfSection":0,"sectionNotes":[],"lengthInSteps":16,"bpm":150,"changeBPM":false,"mustHitSection":true},{"typeOfSection":0,"sectionNotes":[],"lengthInSteps":16,"bpm":150,"changeBPM":false,"mustHitSection":true},{"typeOfSection":0,"sectionNotes":[],"lengthInSteps":16,"bpm":150,"changeBPM":false,"mustHitSection":true},{"lengthInSteps":16,"typeOfSection":0,"sectionNotes":[],"altAnim":false,"bpm":150,"changeBPM":false,"mustHitSection":true},{"sectionNotes":[],"typeOfSection":0,"lengthInSteps":16,"altAnim":false,"mustHitSection":true,"changeBPM":false,"bpm":150},{"lengthInSteps":16,"altAnim":false,"typeOfSection":0,"sectionNotes":[],"bpm":150,"changeBPM":false,"mustHitSection":true},{"lengthInSteps":16,"altAnim":false,"typeOfSection":0,"sectionNotes":[],"bpm":150,"changeBPM":false,"mustHitSection":true}],"song":"Pico","validScore":true,"sections":0,"needsVoices":true,"speed":1.2,"bpm":150}}